,Inc Miles,Inc Minutes,Benefit
Match 1,2010.69755303416,5100,9587.77688741969
Match 2,0,0,0
Match 3,0,0,0
Match 4,0,0,0
Match 5,0,0,0
