,Inc Miles,Inc Minutes,Benefit
Match 1,5353.03354170032,15780,31455.5404207936
Match 2,1354.89765991027,3696,7050.00476130588
Match 3,0,0,0
Match 4,0,0,0
Match 5,0,0,0
