,Inc Miles,Inc Minutes,Benefit
Match 1,6647.78169933016,13702,21175.0922614571
Match 2,2047.54806318118,5187,9140.64128544621
Match 3,1274.86795829346,2217,452.523809213715
Match 4,0,0,0
Match 5,0,0,0
