,Inc Miles,Inc Minutes,Benefit
Match 1,9403.88047274038,18591,26673.7850421664
Match 2,6204.0588067158,11811,15913.4546080754
Match 3,6831.25877688991,12065,12666.7079766032
Match 4,5908.51591335579,11040,9321.11122224017
Match 5,3333.66597487169,6784,6100.07681631808
